
{
    "region" : "us-west-2",
    "configuration" : "Debug",
    "framework"     : "net6.0",
    "self-contained" : false,
    "application"    : "PunaRock",
    "environment"    : "PunaRock-dev",
    "enable-xray"    : false,
    "enhanced-health-type" : "basic",
    "additional-options"   : "\"aws:autoscaling:launchconfiguration,SecurityGroups\"=\"sg-06eb377f997aa1fed\";\"aws:ec2:vpc,Subnets\"=\"subnet-0bc47564164272ff7\"",
    "proxy-server"         : "nginx",
    "solution-stack"       : "64bit Amazon Linux 2 v2.3.2 running .NET Core",
    "environment-type"     : "SingleInstance",
    "cname"                : "punarock-dev",
    "instance-type"        : "t2.micro",
    "key-pair"             : "",
    "instance-profile"     : "aws-elasticbeanstalk-ec2-role",
    "service-role"         : "aws-elasticbeanstalk-service-role"
}